id,first_name,last_name,email,gender,ip_address
1,Rollie,Josskowitz,rjosskowitz0@msn.com,Male,16.10.250.136
2,Julio,Ludgate,jludgate1@cnn.com,Non-binary,93.42.19.170
3,Chantalle,Casse,ccasse2@nih.gov,Female,90.46.220.206
4,Granthem,Schall,gschall3@ihg.com,Male,222.209.61.145
5,Leon,Van Der Vlies,lvandervlies4@whitehouse.gov,Male,218.181.171.6
6,Wynn,Mongenot,wmongenot5@examiner.com,Genderfluid,186.128.124.213
7,Farrand,Gedney,fgedney6@reuters.com,Female,112.56.10.83
8,Othilia,Plumb,oplumb7@smugmug.com,Female,75.207.220.218
9,Suzy,Paye,spaye8@lulu.com,Female,36.18.10.1
10,Myles,MacDuffie,mmacduffie9@bing.com,Male,44.47.181.170
11,Beatrice,Shutt,bshutta@msu.edu,Female,48.207.33.53
12,Marvin,Thyng,mthyngb@va.gov,Male,190.12.97.134
13,Desiree,Zavattiero,dzavattieroc@xrea.com,Female,127.108.104.72
14,Fabe,Painswick,fpainswickd@fc2.com,Male,73.182.214.39
15,Ronnica,Havick,rhavicke@earthlink.net,Female,98.57.154.196
16,Carlene,Screas,cscreasf@aboutads.info,Female,162.138.137.183
17,Arlene,Olczak,aolczakg@upenn.edu,Female,250.126.170.6
18,Bran,Stanyon,bstanyonh@sitemeter.com,Male,156.34.70.81
19,Regan,Yoskowitz,ryoskowitzi@amazon.co.jp,Male,78.143.151.102
20,Horacio,Barribal,hbarribalj@tmall.com,Male,80.234.141.230
21,Gisella,Sabbin,gsabbink@arizona.edu,Female,148.0.89.114
22,Keir,Pomeroy,kpomeroyl@wikia.com,Male,188.76.159.99
23,Jackqueline,Cockren,jcockrenm@odnoklassniki.ru,Female,184.165.252.97
24,Giovanni,Klich,gklichn@zimbio.com,Male,89.44.172.112
25,Cloe,Klimaszewski,cklimaszewskio@is.gd,Female,207.54.9.172
26,Dominique,Lagen,dlagenp@biglobe.ne.jp,Male,83.102.95.232
27,Kenny,Touret,ktouretq@bandcamp.com,Male,213.178.145.37
28,Chloe,Brands,cbrandsr@smh.com.au,Female,248.13.177.110
29,Umeko,Dubble,udubbles@hao123.com,Female,220.167.181.245
30,Sim,Jaslem,sjaslemt@cdbaby.com,Male,76.56.7.48
31,Coleen,Lorain,clorainu@vkontakte.ru,Female,108.32.194.240
32,Antons,Iacobassi,aiacobassiv@oracle.com,Male,36.8.192.243
33,Melodie,Axworthy,maxworthyw@sogou.com,Female,54.43.176.207
34,Belita,De Normanville,bdenormanvillex@shutterfly.com,Female,70.22.161.134
35,Colly,Mayoral,cmayoraly@51.la,Female,62.144.183.102
36,Ella,Semmence,esemmencez@acquirethisname.com,Female,151.60.116.126
37,Rowen,Malley,rmalley10@over-blog.com,Male,149.105.218.125
38,Herrick,Dulanty,hdulanty11@deviantart.com,Male,3.18.42.43
39,Sherilyn,Dutnell,sdutnell12@joomla.org,Female,235.161.47.111
40,Torry,Hollington,thollington13@apple.com,Male,207.49.33.62
41,Allix,Wardel,awardel14@utexas.edu,Female,221.227.54.96
42,Aldo,Geekin,ageekin15@sohu.com,Male,184.50.31.251
43,Cristie,Kensley,ckensley16@time.com,Female,232.33.100.158
44,Neddy,Keune,nkeune17@feedburner.com,Male,26.253.220.210
45,Dniren,Forbes,dforbes18@google.ru,Female,99.178.132.8
46,Jeannie,Follet,jfollet19@si.edu,Female,137.8.250.213
47,Tyrus,Willers,twillers1a@thetimes.co.uk,Non-binary,235.119.112.35
48,Barthel,Drepp,bdrepp1b@businessweek.com,Genderqueer,222.109.32.137
49,Wren,Hopkyns,whopkyns1c@dailymail.co.uk,Female,190.31.104.211
50,Keefe,Le Frank,klefrank1d@ovh.net,Male,129.89.24.15
51,Conchita,Guilbert,cguilbert1e@amazon.com,Female,73.48.25.106
52,Van,Luberti,vluberti1f@intel.com,Male,154.221.169.13
53,Chip,Yele,cyele1g@chron.com,Male,54.224.185.220
54,Rowena,Knotte,rknotte1h@cdc.gov,Female,28.125.126.14
55,Eleanore,Arington,earington1i@joomla.org,Female,43.97.1.13
56,Evania,Saladine,esaladine1j@paypal.com,Female,34.105.46.46
57,Patten,Carlow,pcarlow1k@seesaa.net,Male,176.70.175.74
58,Hilton,Chivers,hchivers1l@auda.org.au,Male,132.253.251.121
59,Jesus,Ellingford,jellingford1m@virginia.edu,Male,201.15.124.197
60,Dalli,Brickstock,dbrickstock1n@nydailynews.com,Male,206.171.35.84
61,Scott,Cadle,scadle1o@paypal.com,Male,101.195.236.17
62,Cale,Peirce,cpeirce1p@xing.com,Male,67.10.17.226
63,Paulina,Slessar,pslessar1q@wix.com,Female,51.205.193.196
64,Sherwynd,Boc,sboc1r@weibo.com,Male,123.174.175.235
65,Kaila,Wildman,kwildman1s@answers.com,Female,22.13.86.220
66,Stormie,Morrowe,smorrowe1t@buzzfeed.com,Female,0.27.213.221
67,Annora,Hammand,ahammand1u@mtv.com,Female,215.250.209.205
68,Mindy,Guidi,mguidi1v@elegantthemes.com,Female,253.216.107.252
69,Marven,Bariball,mbariball1w@sun.com,Male,229.72.30.226
70,Robina,Haselhurst,rhaselhurst1x@vistaprint.com,Female,33.221.10.84
71,Zora,Casterton,zcasterton1y@mtv.com,Female,139.179.27.179
72,Ulrick,Noon,unoon1z@nbcnews.com,Male,66.234.12.233
73,Germain,Sproule,gsproule20@histats.com,Female,226.83.126.98
74,Isiahi,Mitskevich,imitskevich21@rediff.com,Male,132.233.57.73
75,Bevvy,Shelmardine,bshelmardine22@home.pl,Female,52.245.119.189
76,Barnabe,Springthorp,bspringthorp23@symantec.com,Male,148.70.103.99
77,Price,Toll,ptoll24@abc.net.au,Male,166.9.93.187
78,Vinny,Brader,vbrader25@ibm.com,Female,253.205.0.155
79,Brit,Hegges,bhegges26@hhs.gov,Male,3.23.255.138
80,Arther,Pauly,apauly27@oaic.gov.au,Male,59.224.244.117
81,Fran,Allardyce,fallardyce28@over-blog.com,Female,154.86.44.197
82,Anni,Pieper,apieper29@japanpost.jp,Female,83.106.51.229
83,Delmer,Bridgewood,dbridgewood2a@nature.com,Male,183.50.123.156
84,Gar,Tedder,gtedder2b@cdbaby.com,Polygender,57.220.232.79
85,Silvie,Priddie,spriddie2c@flavors.me,Female,208.18.74.9
86,Munmro,Fearnside,mfearnside2d@tumblr.com,Male,160.179.29.91
87,Ralf,Dorsett,rdorsett2e@hc360.com,Male,114.98.230.4
88,Jedd,Regis,jregis2f@clickbank.net,Male,135.73.50.153
89,Veronique,Olliver,volliver2g@posterous.com,Female,131.185.78.226
90,Osgood,Lydall,olydall2h@clickbank.net,Male,190.200.213.7
91,Aldis,Raggles,araggles2i@buzzfeed.com,Male,243.12.94.237
92,Woodrow,Tumayan,wtumayan2j@ucoz.com,Male,135.60.245.211
93,Dag,Gittins,dgittins2k@stumbleupon.com,Male,43.219.161.202
94,Malia,Roycroft,mroycroft2l@guardian.co.uk,Female,49.115.112.22
95,Elyn,Innot,einnot2m@blog.com,Female,39.239.26.216
96,Natka,McTavish,nmctavish2n@yellowbook.com,Female,87.215.226.26
97,Burty,Mullender,bmullender2o@adobe.com,Male,181.218.212.246
98,Horton,Sillett,hsillett2p@house.gov,Male,82.14.36.32
99,Meade,Cockrem,mcockrem2q@aol.com,Male,128.78.225.143
100,Bruno,Naisbet,bnaisbet2r@ca.gov,Male,120.178.168.156
101,Fremont,Poppleston,fpoppleston2s@who.int,Male,195.66.42.43
102,Stanton,Tomisch,stomisch2t@themeforest.net,Male,12.235.175.208
103,Sasha,Stollenwerck,sstollenwerck2u@bravesites.com,Female,143.226.253.173
104,Gwenore,Cloutt,gcloutt2v@irs.gov,Female,110.96.180.98
105,Kenton,Schiefersten,kschiefersten2w@toplist.cz,Agender,49.4.86.100
106,Eddie,Simoneau,esimoneau2x@arizona.edu,Male,69.221.90.189
107,Hallsy,Paradis,hparadis2y@wisc.edu,Male,10.186.166.247
108,Berry,Setchell,bsetchell2z@wp.com,Bigender,109.202.119.68
109,Regan,Solon,rsolon30@squidoo.com,Female,135.86.185.126
110,Murray,Bousler,mbousler31@alibaba.com,Male,164.113.217.183
111,Diego,Castana,dcastana32@xinhuanet.com,Agender,178.210.37.11
112,Arnuad,Eckery,aeckery33@sohu.com,Male,22.116.107.2
113,Adriana,Bleiman,ableiman34@arizona.edu,Female,4.193.14.44
114,Saloma,Legrice,slegrice35@thetimes.co.uk,Female,212.174.27.205
115,Erminia,Huxton,ehuxton36@clickbank.net,Female,183.133.234.254
116,Bo,Cullinane,bcullinane37@storify.com,Male,240.124.101.67
117,Iolande,Duddle,iduddle38@theguardian.com,Female,15.146.76.242
118,Gabbey,Merveille,gmerveille39@wikispaces.com,Female,116.62.148.55
119,Lazare,Steely,lsteely3a@cpanel.net,Male,253.14.26.203
120,Gloria,Skeermor,gskeermor3b@wunderground.com,Female,163.225.38.27
121,Raine,Kadar,rkadar3c@who.int,Female,255.95.108.255
122,Olia,Vagges,ovagges3d@accuweather.com,Female,22.34.32.148
123,Aggy,Coaker,acoaker3e@vimeo.com,Polygender,183.26.140.209
124,Rafi,Dabling,rdabling3f@last.fm,Male,142.240.107.99
125,Constantina,Astie,castie3g@state.tx.us,Female,66.52.195.33
126,Ernesto,Schwander,eschwander3h@gmpg.org,Male,24.116.188.166
127,Annnora,Hutchens,ahutchens3i@istockphoto.com,Female,228.205.170.58
128,Eolanda,Faulkner,efaulkner3j@walmart.com,Female,215.202.121.116
129,Harrietta,Hubber,hhubber3k@cornell.edu,Female,141.53.173.41
130,Dian,Mearns,dmearns3l@blog.com,Agender,162.25.140.160
131,Laurene,Silber,lsilber3m@opera.com,Female,248.111.111.77
132,Angelique,Ledekker,aledekker3n@pen.io,Female,48.131.181.220
133,Bud,Huonic,bhuonic3o@nba.com,Male,196.196.229.8
134,Tammara,Hamerton,thamerton3p@yellowpages.com,Polygender,123.209.205.15
135,Rock,Betje,rbetje3q@ebay.co.uk,Male,100.71.95.157
136,Brit,Haigh,bhaigh3r@toplist.cz,Male,186.204.60.71
137,Caria,Kenyon,ckenyon3s@virginia.edu,Female,25.188.25.217
138,Yale,Camus,ycamus3t@yolasite.com,Male,7.214.221.27
139,Ernestus,Doull,edoull3u@live.com,Genderfluid,44.161.66.3
140,Anna,Sieghard,asieghard3v@comsenz.com,Female,239.225.222.189
141,Kaleb,Pennycock,kpennycock3w@walmart.com,Male,249.239.132.168
142,Shirl,Keymer,skeymer3x@unesco.org,Bigender,142.2.134.203
143,Abbye,Mapstone,amapstone3y@artisteer.com,Female,122.112.15.151
144,Eddie,Etchells,eetchells3z@latimes.com,Female,189.231.64.207
145,Lenard,Scholl,lscholl40@newyorker.com,Male,111.92.190.114
146,Fallon,Cruxton,fcruxton41@photobucket.com,Female,60.74.15.19
147,Giorgia,Airdrie,gairdrie42@gravatar.com,Female,231.28.79.23
148,Jillie,Harvey,jharvey43@sina.com.cn,Non-binary,53.40.218.96
149,Benedicto,Brightey,bbrightey44@creativecommons.org,Male,80.93.219.40
150,Tiler,Luckhurst,tluckhurst45@people.com.cn,Male,181.204.29.245
151,Rolando,Chandler,rchandler46@hc360.com,Male,238.178.202.174
152,Myrtice,Boog,mboog47@cnbc.com,Female,146.129.243.211
153,Dame,Thirwell,dthirwell48@marketwatch.com,Male,43.145.51.131
154,Kenyon,Collin,kcollin49@army.mil,Male,78.154.2.85
155,Reeba,Lenoir,rlenoir4a@patch.com,Female,42.161.68.120
156,Stafford,Gergely,sgergely4b@va.gov,Male,32.19.8.122
157,Gerhardt,Willis,gwillis4c@printfriendly.com,Male,142.210.205.48
158,Dehlia,Brik,dbrik4d@instagram.com,Bigender,113.182.189.195
159,Kenny,Skains,kskains4e@newsvine.com,Male,179.184.75.51
160,Ruy,Showte,rshowte4f@walmart.com,Male,189.82.32.192
161,Nealon,Henighan,nhenighan4g@alexa.com,Male,151.230.60.129
162,Courtney,Janeway,cjaneway4h@wordpress.com,Male,140.120.45.6
163,Prescott,Tarquini,ptarquini4i@skyrock.com,Male,30.178.171.10
164,Melodie,Stapylton,mstapylton4j@wix.com,Female,151.189.110.95
165,Cornie,Feather,cfeather4k@salon.com,Male,177.195.154.229
166,Delilah,Kobu,dkobu4l@army.mil,Female,238.163.217.157
167,Leisha,Skitterel,lskitterel4m@europa.eu,Female,201.124.241.158
168,Renata,Stodit,rstodit4n@cmu.edu,Female,64.233.88.12
169,Shanna,Tubb,stubb4o@wikipedia.org,Female,60.45.252.226
170,Ardys,Ledekker,aledekker4p@sun.com,Female,38.84.38.164
171,Janek,Jillett,jjillett4q@msn.com,Male,115.249.114.187
172,Belinda,Hannis,bhannis4r@tuttocitta.it,Female,16.102.61.30
173,Hanna,Bendin,hbendin4s@about.com,Female,227.210.240.213
174,Fairfax,Wallach,fwallach4t@barnesandnoble.com,Male,79.81.248.82
175,Edsel,Probyn,eprobyn4u@barnesandnoble.com,Male,133.52.247.140
176,Ravid,Rodman,rrodman4v@yale.edu,Male,75.14.93.245
177,Thedric,Boniface,tboniface4w@ovh.net,Male,39.8.157.68
178,Becki,Garfield,bgarfield4x@smugmug.com,Female,15.59.49.102
179,Arnoldo,Murdoch,amurdoch4y@xinhuanet.com,Male,165.124.2.96
180,Caril,Scones,cscones4z@lulu.com,Female,31.79.132.95
181,Laney,Drife,ldrife50@live.com,Female,45.186.184.153
182,Chauncey,Veelers,cveelers51@adobe.com,Male,44.118.237.112
183,Michel,Pollitt,mpollitt52@amazonaws.com,Female,91.191.235.202
184,Phebe,Gussie,pgussie53@flickr.com,Female,83.246.232.246
185,Dina,Ivatt,divatt54@mac.com,Female,229.209.37.68
186,Cortie,Swinley,cswinley55@wikipedia.org,Male,50.189.6.105
187,Neron,Hand,nhand56@tumblr.com,Male,106.63.80.229
188,Elijah,Geane,egeane57@hostgator.com,Male,171.37.223.35
189,Nell,Lomansey,nlomansey58@accuweather.com,Female,162.116.61.241
190,Lucinda,Manders,lmanders59@dot.gov,Female,149.143.146.0
191,Joyann,O Mullen,jomullen5a@ftc.gov,Female,219.128.48.1
192,Jeffry,Shalders,jshalders5b@is.gd,Male,237.247.168.64
193,Kendricks,Hunsworth,khunsworth5c@samsung.com,Male,166.210.45.23
194,Malissa,Marquez,mmarquez5d@marketwatch.com,Genderqueer,213.71.39.239
195,Maiga,Paradin,mparadin5e@blogs.com,Female,71.195.10.209
196,Gigi,Sunman,gsunman5f@sohu.com,Female,174.194.32.166
197,Gerrie,Corragan,gcorragan5g@netscape.com,Male,123.95.71.213
198,Olin,Taphouse,otaphouse5h@marriott.com,Male,140.34.184.21
199,Vitia,Nund,vnund5i@is.gd,Female,59.200.110.156
200,Kyle,Maciejewski,kmaciejewski5j@booking.com,Female,30.160.131.144
201,Cathee,Di Pietro,cdipietro5k@si.edu,Female,48.124.186.44
202,Quintina,Moulin,qmoulin5l@sun.com,Female,110.188.35.200
203,Jean,Potten,jpotten5m@gmpg.org,Female,190.197.92.116
204,Rhodia,Brundall,rbrundall5n@eventbrite.com,Female,92.186.185.150
205,Bradly,Lagden,blagden5o@cornell.edu,Male,227.94.21.27
206,Hervey,Cluitt,hcluitt5p@meetup.com,Male,31.255.133.24
207,Jamie,Illem,jillem5q@fda.gov,Male,14.147.146.49
208,Ileana,Trevarthen,itrevarthen5r@1und1.de,Female,52.222.137.63
209,Onfre,Storrock,ostorrock5s@washington.edu,Male,67.8.152.36
210,Berry,Cullingworth,bcullingworth5t@hhs.gov,Female,86.48.148.213
211,Pansy,Fronczak,pfronczak5u@pagesperso-orange.fr,Female,43.84.231.223
212,Risa,Southgate,rsouthgate5v@clickbank.net,Female,146.8.16.156
213,Jaymie,Mogie,jmogie5w@webnode.com,Genderqueer,67.139.242.135
214,Dionisio,Kennaway,dkennaway5x@imdb.com,Male,135.111.217.81
215,Derron,Huzzay,dhuzzay5y@newyorker.com,Male,77.125.28.13
216,Liane,Squires,lsquires5z@google.it,Female,236.249.212.23
217,Annabelle,Shevelin,ashevelin60@about.com,Female,64.124.87.82
218,Zaccaria,Spencock,zspencock61@zimbio.com,Male,156.197.211.67
219,Hillyer,Menauteau,hmenauteau62@google.pl,Male,115.22.46.172
220,Roma,Brasher,rbrasher63@home.pl,Male,113.56.41.147
221,Domingo,Withrington,dwithrington64@amazonaws.com,Male,181.180.131.51
222,Bebe,Rickets,brickets65@reuters.com,Female,49.144.170.53
223,Gerard,Morteo,gmorteo66@va.gov,Non-binary,126.223.242.128
224,Matty,Doag,mdoag67@shareasale.com,Female,243.194.152.238
225,Greer,Dickon,gdickon68@example.com,Female,16.215.131.106
226,Carmelina,Gummoe,cgummoe69@noaa.gov,Female,14.34.177.177
227,Alonso,Regan,aregan6a@marketwatch.com,Male,6.31.222.210
228,Lacie,Buckam,lbuckam6b@51.la,Female,167.204.239.110
229,Niki,De Mitri,ndemitri6c@tinypic.com,Female,170.70.80.188
230,Valdemar,Stiddard,vstiddard6d@tripadvisor.com,Male,87.184.75.181
231,Lucio,Byfford,lbyfford6e@va.gov,Male,7.45.20.16
232,Nissy,Arnault,narnault6f@lulu.com,Female,143.247.86.78
233,Bear,Deinhardt,bdeinhardt6g@house.gov,Male,226.110.4.102
234,Lonnie,Arkcoll,larkcoll6h@wikispaces.com,Female,209.52.94.44
235,Aurora,Shallow,ashallow6i@csmonitor.com,Female,149.77.214.155
236,Eadmund,Scothorn,escothorn6j@indiatimes.com,Male,185.27.132.128
237,Valentino,Thurbon,vthurbon6k@1688.com,Male,203.222.183.215
238,Jacky,Loveridge,jloveridge6l@usa.gov,Bigender,218.90.249.66
239,Maegan,Pirdy,mpirdy6m@moonfruit.com,Female,1.95.28.71
240,Bernadette,Mollindinia,bmollindinia6n@smh.com.au,Female,6.130.143.29
241,Johny,Keling,jkeling6o@canalblog.com,Non-binary,154.169.250.174
242,Bryn,Winman,bwinman6p@statcounter.com,Female,162.173.62.37
243,Terrill,FitzGilbert,tfitzgilbert6q@google.com.br,Male,85.183.10.194
244,Colly,Baguley,cbaguley6r@macromedia.com,Female,219.200.189.163
245,Delphine,Raspison,draspison6s@bandcamp.com,Female,239.17.196.83
246,Sherill,Rickis,srickis6t@imdb.com,Agender,154.253.185.233
247,Boot,Downer,bdowner6u@phoca.cz,Male,245.57.141.236
248,Cathrin,Bottell,cbottell6v@japanpost.jp,Female,53.65.124.234
249,Gabriellia,Erington,gerington6w@theguardian.com,Female,74.111.76.111
250,Manuel,Jenyns,mjenyns6x@livejournal.com,Male,215.30.137.38
251,Archibaldo,Gillice,agillice6y@ibm.com,Male,98.241.44.154
252,Bram,Chave,bchave6z@businesswire.com,Male,132.255.251.189
253,Hymie,Spensley,hspensley70@vimeo.com,Male,13.197.173.232
254,Aurelie,Peret,aperet71@hhs.gov,Female,56.223.98.133
255,Terza,Felce,tfelce72@1und1.de,Female,71.243.154.199
256,Martin,Dodle,mdodle73@adobe.com,Male,1.206.98.35
257,Yank,MacScherie,ymacscherie74@dyndns.org,Male,29.185.229.120
258,Ewart,McCollum,emccollum75@disqus.com,Male,164.164.46.8
259,Symon,Argente,sargente76@reverbnation.com,Male,79.10.11.223
260,Enrico,Jack,ejack77@free.fr,Male,185.225.94.220
261,Roxana,Gutridge,rgutridge78@mapy.cz,Female,31.75.144.121
262,Bernhard,Cream,bcream79@wufoo.com,Male,156.84.215.62
263,Nicoline,Matterface,nmatterface7a@cafepress.com,Female,96.107.79.29
264,Carson,Woodison,cwoodison7b@livejournal.com,Male,189.138.205.199
265,Ernestine,Rubica,erubica7c@bloomberg.com,Bigender,109.82.6.25
266,Nathanil,Gavagan,ngavagan7d@blog.com,Genderfluid,80.1.212.142
267,Lionello,Hearnes,lhearnes7e@omniture.com,Male,16.197.115.22
268,Axel,Alabone,aalabone7f@geocities.jp,Male,160.146.194.102
269,Somerset,Kirmond,skirmond7g@163.com,Male,50.240.194.177
270,Calida,Bernhart,cbernhart7h@nhs.uk,Female,212.154.32.2
271,Holmes,O'Doherty,hodoherty7i@telegraph.co.uk,Male,100.222.171.22
272,Louis,Gummery,lgummery7j@craigslist.org,Male,98.75.253.139
273,Hattie,Leneham,hleneham7k@bloglines.com,Female,63.138.255.136
274,Dex,Spofforth,dspofforth7l@yale.edu,Male,80.130.34.234
275,Silvan,Castles,scastles7m@businessinsider.com,Male,162.0.142.255
276,Karissa,Labbez,klabbez7n@ox.ac.uk,Female,175.95.112.158
277,Torrance,Beckwith,tbeckwith7o@fema.gov,Male,30.128.238.160
278,Ax,Buttrick,abuttrick7p@moonfruit.com,Male,161.67.228.220
279,Kaitlyn,Devon,kdevon7q@hud.gov,Genderfluid,52.150.191.212
280,Robbert,Talby,rtalby7r@gnu.org,Male,248.128.180.208
281,Korrie,Jendas,kjendas7s@china.com.cn,Female,37.114.1.120
282,Verney,Dalliwatr,vdalliwatr7t@meetup.com,Male,116.180.193.184
283,Lonnie,Windaybank,lwindaybank7u@samsung.com,Genderfluid,140.149.236.106
284,Dur,Songhurst,dsonghurst7v@netlog.com,Male,113.171.18.31
285,Ainslie,Margrie,amargrie7w@angelfire.com,Female,7.177.225.105
286,Ad,Cominetti,acominetti7x@msn.com,Male,249.202.254.174
287,Mallissa,Skene,mskene7y@constantcontact.com,Female,180.219.219.19
288,Putnam,Drinkwater,pdrinkwater7z@springer.com,Bigender,49.55.244.225
289,Steffen,Weatherall,sweatherall80@latimes.com,Male,88.168.28.65
290,Aldin,Romanini,aromanini81@dell.com,Genderqueer,216.74.27.59
291,Randell,Strutt,rstrutt82@mysql.com,Male,80.146.37.52
292,Margy,Ginner,mginner83@google.com.br,Female,22.170.139.87
293,Lizabeth,Dabinett,ldabinett84@over-blog.com,Female,144.148.166.48
294,Quintus,Capewell,qcapewell85@cdc.gov,Male,57.181.226.126
295,Marven,Kastel,mkastel86@tripadvisor.com,Male,84.1.7.240
296,Sabra,Meers,smeers87@xing.com,Genderqueer,167.129.222.182
297,Loren,Sinnett,lsinnett88@senate.gov,Female,50.34.114.166
298,Verne,Chetwin,vchetwin89@sakura.ne.jp,Male,7.38.181.159
299,Malissa,Rudsdale,mrudsdale8a@nasa.gov,Female,31.54.109.209
300,Andrea,Clarabut,aclarabut8b@nsw.gov.au,Female,97.42.50.210
301,Templeton,Roggerone,troggerone8c@live.com,Male,31.23.88.228
302,Darby,Kamien,dkamien8d@paypal.com,Male,165.228.229.83
303,Donnie,D'Elias,ddelias8e@uiuc.edu,Female,62.180.114.12
304,Kathleen,Care,kcare8f@yale.edu,Female,156.96.36.94
305,Duff,Ransley,dransley8g@nyu.edu,Male,226.17.214.220
306,Stefanie,MacNeish,smacneish8h@jimdo.com,Female,68.228.142.154
307,Dona,Druett,ddruett8i@simplemachines.org,Female,28.195.195.40
308,Iain,Marson,imarson8j@usa.gov,Male,219.235.84.19
309,Rick,Kleinstern,rkleinstern8k@spotify.com,Male,56.203.136.78
310,Fancie,Pittem,fpittem8l@usatoday.com,Female,246.150.85.52
311,Winifred,McElvogue,wmcelvogue8m@twitpic.com,Female,119.33.9.77
312,Alejandrina,Wolfers,awolfers8n@europa.eu,Female,225.133.64.177
313,Jeremiah,Ainslee,jainslee8o@purevolume.com,Male,243.16.223.11
314,Caren,Svanetti,csvanetti8p@quantcast.com,Genderqueer,6.174.164.163
315,Rafi,Baumer,rbaumer8q@ezinearticles.com,Male,191.163.85.43
316,Elia,Bastable,ebastable8r@telegraph.co.uk,Male,217.60.159.217
317,Evyn,Cleaves,ecleaves8s@is.gd,Male,94.70.246.98
318,Emelda,Darling,edarling8t@earthlink.net,Female,46.90.200.225
319,Cari,Realff,crealff8u@bloglovin.com,Female,151.192.121.102
320,Uriah,Kiledal,ukiledal8v@paypal.com,Agender,162.228.140.116
321,Hortense,Libero,hlibero8w@list-manage.com,Female,150.85.134.86
322,Maxine,Thomsson,mthomsson8x@va.gov,Female,101.25.95.132
323,Jania,Derham,jderham8y@artisteer.com,Female,241.198.167.242
324,Luisa,Lionel,llionel8z@google.nl,Female,192.202.56.157
325,Vikki,Stuke,vstuke90@cbc.ca,Female,99.71.136.52
326,Wilhelm,Jeacock,wjeacock91@kickstarter.com,Agender,209.199.33.205
327,Melisent,Croy,mcroy92@wix.com,Female,159.11.62.119
328,Maridel,Saxelby,msaxelby93@fastcompany.com,Female,81.149.98.94
329,Joey,Bleasby,jbleasby94@loc.gov,Female,124.183.189.140
330,Dino,Mackin,dmackin95@state.tx.us,Male,52.18.4.105
331,Vanni,Riediger,vriediger96@sina.com.cn,Agender,18.201.90.58
332,Susette,Willshaw,swillshaw97@google.nl,Female,145.95.48.101
333,Sven,Elcott,selcott98@guardian.co.uk,Male,37.27.53.25
334,Garwood,Rickerby,grickerby99@economist.com,Male,156.242.133.15
335,Garvy,Sommerton,gsommerton9a@loc.gov,Male,11.38.43.182
336,Darice,Leacock,dleacock9b@photobucket.com,Female,154.118.93.31
337,Colette,Rainard,crainard9c@hc360.com,Female,185.28.137.72
338,Kaleb,Dightham,kdightham9d@geocities.jp,Genderfluid,252.199.184.78
339,Brandy,Shyres,bshyres9e@amazon.co.uk,Male,198.51.188.85
340,Eachelle,Libbis,elibbis9f@abc.net.au,Female,172.170.176.171
341,Gustave,Florentine,gflorentine9g@cmu.edu,Male,39.29.145.89
342,Sheelagh,Davidoff,sdavidoff9h@creativecommons.org,Female,27.15.96.86
343,Jake,Barus,jbarus9i@mlb.com,Male,83.143.80.168
344,Orren,Atthowe,oatthowe9j@mapquest.com,Male,132.250.96.3
345,Nicko,Gilhooly,ngilhooly9k@ted.com,Male,96.62.226.93
346,Rosa,Piccard,rpiccard9l@pcworld.com,Female,197.162.128.213
347,Kurtis,Szapiro,kszapiro9m@army.mil,Male,206.62.247.180
348,Otes,Marshman,omarshman9n@altervista.org,Male,63.92.90.172
349,Lanette,Ithell,lithell9o@oracle.com,Female,4.253.95.204
350,Sydel,Acosta,sacosta9p@goo.gl,Female,130.43.185.62
351,Lonee,Shakesby,lshakesby9q@etsy.com,Female,154.123.99.196
352,Estrella,Doel,edoel9r@macromedia.com,Female,102.242.35.40
353,Barnabas,Penk,bpenk9s@hatena.ne.jp,Male,55.158.223.136
354,Clemmy,Byrd,cbyrd9t@unicef.org,Male,120.13.22.147
355,Teador,Maudett,tmaudett9u@dailymail.co.uk,Agender,206.143.236.174
356,Julieta,Kettlestringe,jkettlestringe9v@sun.com,Female,17.193.218.41
357,Lorri,Gavagan,lgavagan9w@shutterfly.com,Female,92.197.186.107
358,Scott,Bernet,sbernet9x@360.cn,Male,219.152.73.52
359,Kaile,Dwelley,kdwelley9y@wired.com,Female,24.138.122.247
360,Tandi,Ivanichev,tivanichev9z@dailymail.co.uk,Female,94.6.60.240
361,Patrice,Tetla,ptetlaa0@home.pl,Female,184.183.247.202
362,Loutitia,Key,lkeya1@surveymonkey.com,Female,115.42.251.26
363,Fan,Earey,feareya2@slate.com,Female,233.9.38.215
364,Maddi,Tolerton,mtolertona3@cnet.com,Female,98.160.244.114
365,Levon,Sute,lsutea4@youku.com,Polygender,240.64.0.196
366,Osgood,Temlett,otemletta5@netscape.com,Male,49.80.91.59
367,Jacinda,Flamank,jflamanka6@apple.com,Female,223.129.106.83
368,Lynda,Rosander,lrosandera7@exblog.jp,Female,173.51.65.143
369,Claude,Gurko,cgurkoa8@nsw.gov.au,Female,195.38.235.112
370,Lottie,Scully,lscullya9@businesswire.com,Female,57.201.20.182
371,Dulcia,Drohan,ddrohanaa@google.cn,Female,234.109.78.89
372,Teador,Semens,tsemensab@163.com,Male,238.158.114.255
373,Hart,Biglin,hbiglinac@ehow.com,Male,131.83.95.75
374,Minna,Pilbeam,mpilbeamad@mit.edu,Female,92.81.5.97
375,Bartie,Brikner,bbriknerae@surveymonkey.com,Male,198.43.2.110
376,Cecelia,Britten,cbrittenaf@flavors.me,Bigender,154.191.226.109
377,Jilly,Foulks,jfoulksag@auda.org.au,Female,74.110.32.212
378,Ingra,Dennington,idenningtonah@cdbaby.com,Male,163.175.20.96
379,Magdalene,Conichie,mconichieai@sakura.ne.jp,Female,28.40.46.70
380,Yvonne,Gascone,ygasconeaj@flavors.me,Female,81.102.103.234
381,Merrilee,Bucknall,mbucknallak@cdc.gov,Genderfluid,82.37.88.235
382,Darb,La Rosa,dlarosaal@fema.gov,Male,105.44.132.181
383,Odo,Renhard,orenhardam@google.pl,Agender,172.71.234.182
384,Ileana,Spink,ispinkan@devhub.com,Female,122.255.251.230
385,Opal,Benezet,obenezetao@washingtonpost.com,Female,89.44.98.154
386,Cindee,Cardew,ccardewap@reddit.com,Genderfluid,220.54.74.141
387,Diannne,Batten,dbattenaq@sina.com.cn,Female,235.9.200.9
388,Isaac,Endon,iendonar@nbcnews.com,Male,165.142.48.202
389,Des,Acedo,dacedoas@ca.gov,Male,200.22.226.242
390,Mildrid,Andrat,mandratat@topsy.com,Female,205.19.111.201
391,Perla,Micklem,pmicklemau@w3.org,Female,80.38.17.107
392,Aymer,Essel,aesselav@google.ca,Male,5.179.177.65
393,Olly,Beaumont,obeaumontaw@nifty.com,Genderqueer,69.63.193.243
394,Bryn,Dampney,bdampneyax@fema.gov,Male,136.58.10.206
395,Ellwood,Mackilpatrick,emackilpatrickay@opensource.org,Male,26.212.19.193
396,Siobhan,Bryns,sbrynsaz@sciencedaily.com,Female,180.180.151.68
397,Aline,Furney,afurneyb0@mapquest.com,Female,231.202.238.26
398,Roddy,Eichmann,reichmannb1@ebay.co.uk,Male,249.13.251.235
399,Georgeanna,Blazdell,gblazdellb2@aol.com,Female,199.105.242.7
400,Mattie,Gosby,mgosbyb3@telegraph.co.uk,Male,144.174.101.162
401,Franny,Hanscome,fhanscomeb4@si.edu,Female,2.126.237.11
402,Lora,Healy,lhealyb5@angelfire.com,Female,198.128.181.198
403,Shawn,Quigley,squigleyb6@uol.com.br,Male,177.252.14.183
404,Melicent,Tingly,mtinglyb7@house.gov,Genderqueer,56.241.173.186
405,Matty,Wadge,mwadgeb8@cbc.ca,Male,134.128.32.99
406,Monty,Wilcocks,mwilcocksb9@edublogs.org,Male,149.122.20.62
407,Nelly,Di Bernardo,ndibernardoba@purevolume.com,Female,143.210.99.219
408,Tova,Mulvany,tmulvanybb@thetimes.co.uk,Female,159.161.56.83
409,Jim,Jodlkowski,jjodlkowskibc@mapy.cz,Male,204.71.255.9
410,Aloin,Richard,arichardbd@bbc.co.uk,Male,167.163.103.72
411,Martin,Machin,mmachinbe@miibeian.gov.cn,Genderfluid,197.211.6.209
412,Gwennie,Lotterington,glotteringtonbf@epa.gov,Female,122.200.89.4
413,Wilmer,Boise,wboisebg@intel.com,Male,10.141.56.31
414,Mersey,Cromly,mcromlybh@booking.com,Female,129.190.98.180
415,Ivette,Reubbens,ireubbensbi@free.fr,Female,142.157.38.96
416,Reeva,Farlham,rfarlhambj@ihg.com,Female,92.12.62.97
417,Alasdair,Myrie,amyriebk@zdnet.com,Male,89.153.102.53
418,Rafa,Radleigh,rradleighbl@princeton.edu,Female,32.18.204.196
419,Brodie,Plumbridge,bplumbridgebm@netscape.com,Male,192.44.197.234
420,Betsey,O'Cahill,bocahillbn@google.ca,Female,232.203.229.201
421,Cy,Seymer,cseymerbo@walmart.com,Male,193.99.116.121
422,James,Horlick,jhorlickbp@blogger.com,Male,80.148.128.206
423,Mae,Bew,mbewbq@hc360.com,Polygender,92.242.119.97
424,Siusan,Eddies,seddiesbr@weibo.com,Female,12.149.37.126
425,Arturo,Townsend,atownsendbs@uiuc.edu,Male,92.127.31.106
426,Basilio,Schubuser,bschubuserbt@ted.com,Male,204.235.242.53
427,Connor,Posselwhite,cposselwhitebu@reddit.com,Male,71.5.54.200
428,Tamma,Juniper,tjuniperbv@kickstarter.com,Genderfluid,88.158.171.61
429,Nadya,Badger,nbadgerbw@netlog.com,Female,36.57.31.27
430,Sara,O'Loinn,soloinnbx@mac.com,Female,74.180.153.57
431,Jacquenetta,Antoinet,jantoinetby@cdbaby.com,Female,82.211.19.1
432,Tabbitha,Fassan,tfassanbz@ycombinator.com,Genderqueer,137.121.224.215
433,Derry,Ensor,densorc0@php.net,Genderqueer,229.55.81.9
434,Sebastian,Kingsnod,skingsnodc1@dion.ne.jp,Male,51.56.17.112
435,Aguste,Gyver,agyverc2@163.com,Male,60.25.130.44
436,Kelvin,Blodgett,kblodgettc3@uol.com.br,Male,61.238.66.35
437,Araldo,Peatheyjohns,apeatheyjohnsc4@networkadvertising.org,Male,125.172.100.32
438,Lane,Faint,lfaintc5@g.co,Male,133.187.110.31
439,Sybille,MacGahy,smacgahyc6@lulu.com,Bigender,193.102.210.215
440,Gardner,Sayles,gsaylesc7@list-manage.com,Male,223.196.247.165
441,Carey,Della Scala,cdellascalac8@ovh.net,Male,175.187.1.26
442,Sonnie,Bohje,sbohjec9@google.nl,Female,185.11.136.232
443,Lin,Kilbourne,lkilbourneca@cdc.gov,Male,50.57.142.66
444,Kettie,Harbin,kharbincb@ovh.net,Female,122.218.64.66
445,Sinclair,Privost,sprivostcc@cafepress.com,Male,44.109.16.187
446,Raphaela,Parsand,rparsandcd@hugedomains.com,Female,61.195.148.105
447,Ailsun,Cruft,acruftce@youtube.com,Female,97.164.86.239
448,Adolphe,Golsworthy,agolsworthycf@prnewswire.com,Male,217.144.241.235
449,Neda,Sinkin,nsinkincg@google.com,Female,147.129.85.188
450,Loralie,Dalton,ldaltonch@tamu.edu,Female,81.187.86.127
451,Debby,Bohje,dbohjeci@vimeo.com,Female,89.197.11.210
452,Pavla,Madison,pmadisoncj@hatena.ne.jp,Female,149.136.174.113
453,Elliott,Havock,ehavockck@wikispaces.com,Male,86.150.218.236
454,Bertie,Wellbelove,bwellbelovecl@psu.edu,Male,42.186.213.170
455,Camille,Tresvina,ctresvinacm@paypal.com,Female,135.51.17.241
456,Jordan,Plewright,jplewrightcn@eepurl.com,Female,220.195.21.1
457,Barth,Kimberley,bkimberleyco@360.cn,Male,19.55.3.5
458,Claudelle,Stainsby,cstainsbycp@cnet.com,Female,132.205.111.133
459,Pamela,Kohneke,pkohnekecq@zdnet.com,Female,131.133.117.252
460,Gasparo,Bamlet,gbamletcr@sun.com,Male,25.232.94.23
461,Rick,Weyland,rweylandcs@weebly.com,Male,37.60.118.225
462,Peyter,Thredder,pthredderct@eventbrite.com,Male,142.17.175.97
463,Kelci,Stronge,kstrongecu@desdev.cn,Bigender,59.152.236.150
464,Edwin,Carlesi,ecarlesicv@answers.com,Agender,125.35.183.168
465,Marya,Boynton,mboyntoncw@miibeian.gov.cn,Female,62.41.63.213
466,Shaylynn,Clouter,scloutercx@wsj.com,Non-binary,19.93.96.59
467,Nicole,Brigstock,nbrigstockcy@purevolume.com,Female,158.193.57.36
468,Ahmad,Bransby,abransbycz@parallels.com,Male,201.113.150.60
469,Mariele,Klee,mkleed0@walmart.com,Female,165.94.241.173
470,Alia,Axon,aaxond1@dion.ne.jp,Female,43.76.209.189
471,Ceil,Blundin,cblundind2@cnn.com,Female,155.14.183.120
472,Elena,Quakley,equakleyd3@homestead.com,Female,110.200.184.106
473,Julina,Pawley,jpawleyd4@aboutads.info,Genderfluid,141.15.205.250
474,Lucie,Vanyard,lvanyardd5@nifty.com,Female,244.91.120.10
475,Mohammed,Saphin,msaphind6@engadget.com,Genderfluid,242.139.91.13
476,Clywd,O'Lunney,colunneyd7@nydailynews.com,Male,223.58.72.77
477,Bobbie,Sparshutt,bsparshuttd8@ted.com,Male,224.103.252.234
478,Raul,Shimoni,rshimonid9@princeton.edu,Genderqueer,128.108.175.14
479,Beilul,Goldine,bgoldineda@godaddy.com,Female,147.64.23.206
480,Dario,Condon,dcondondb@vistaprint.com,Male,164.27.163.242
481,Christos,Elger,celgerdc@scientificamerican.com,Male,139.161.77.59
482,Callida,Leng,clengdd@adobe.com,Female,90.75.118.219
483,Rochelle,Cardis,rcardisde@indiatimes.com,Female,220.158.65.229
484,Marquita,Kolodziejski,mkolodziejskidf@google.com.hk,Female,82.41.13.131
485,Junette,Skipper,jskipperdg@independent.co.uk,Female,138.178.51.196
486,Penrod,Fulun,pfulundh@hhs.gov,Male,48.208.160.149
487,Alan,Grinval,agrinvaldi@japanpost.jp,Genderqueer,36.47.145.212
488,Ambrose,Griss,agrissdj@toplist.cz,Male,131.70.22.210
489,Deni,Fidele,dfideledk@edublogs.org,Female,110.31.251.151
490,Mallorie,McAlindon,mmcalindondl@virginia.edu,Female,163.81.192.196
491,Zita,Francesch,zfranceschdm@fema.gov,Genderqueer,31.0.138.90
492,Lelia,Fegan,lfegandn@home.pl,Female,145.234.242.23
493,Ulises,Maund,umaunddo@xing.com,Male,51.96.161.9
494,Munroe,Kollach,mkollachdp@ehow.com,Male,23.136.137.74
495,Sharity,Rediers,srediersdq@fotki.com,Female,227.5.37.213
496,Rickie,Stacey,rstaceydr@blogger.com,Female,114.192.154.80
497,Thomasa,McAree,tmcareeds@de.vu,Genderqueer,14.123.19.192
498,Bran,Boldock,bboldockdt@github.com,Male,29.85.30.245
499,Eliza,Reeme,ereemedu@symantec.com,Female,21.147.252.129
500,Aldis,Mahomet,amahometdv@toplist.cz,Male,83.51.85.103
501,Boyce,Travis,btravisdw@fastcompany.com,Male,48.118.222.205
502,Billy,Penella,bpenelladx@bloglovin.com,Non-binary,113.30.36.96
503,Lefty,Cupitt,lcupittdy@state.gov,Male,181.21.212.185
504,Kit,Grieves,kgrievesdz@yelp.com,Male,56.255.153.47
505,Dominique,Rowler,drowlere0@exblog.jp,Male,77.30.243.153
506,Alvira,Potzold,apotzolde1@nasa.gov,Female,147.186.194.228
507,Jo,Siggers,jsiggerse2@parallels.com,Male,219.184.41.2
508,Carolina,Ekless,ceklesse3@nifty.com,Female,175.109.215.72
509,Arielle,Hoult,ahoulte4@amazon.co.uk,Female,17.193.38.211
510,Rivy,Gisbourn,rgisbourne5@shinystat.com,Female,83.37.215.12
511,Anna,Carss,acarsse6@uiuc.edu,Polygender,124.206.131.147
512,Omero,Gaskill,ogaskille7@cafepress.com,Male,145.111.8.72
513,Libbi,Moutray Read,lmoutrayreade8@networksolutions.com,Female,141.41.215.38
514,Reynard,Skerratt,rskerratte9@hp.com,Male,220.11.232.80
515,Coleman,Coupland,ccouplandea@topsy.com,Male,200.46.211.53
516,Farrand,Thormann,fthormanneb@seattletimes.com,Female,89.165.129.10
517,Colet,Squibb,csquibbec@bluehost.com,Agender,201.28.158.213
518,Allianora,Maxworthy,amaxworthyed@t.co,Female,148.20.224.208
519,Tiffanie,Gurley,tgurleyee@facebook.com,Female,87.154.241.24
520,Suzie,Kitteman,skittemanef@foxnews.com,Bigender,120.121.176.203
521,Edgard,Salsberg,esalsbergeg@nydailynews.com,Male,5.78.157.96
522,Drona,Piercey,dpierceyeh@deviantart.com,Bigender,39.224.71.16
523,Patrizia,Sandcroft,psandcroftei@studiopress.com,Female,22.208.181.45
524,Aaron,Hatfield,ahatfieldej@kickstarter.com,Male,78.58.139.150
525,Ham,Rosenkranc,hrosenkrancek@myspace.com,Genderfluid,109.103.209.223
526,Aleksandr,Patemore,apatemoreel@un.org,Polygender,201.94.125.170
527,Willabella,Mugford,wmugfordem@1688.com,Bigender,51.220.114.185
528,Terrell,LLelweln,tllelwelnen@slashdot.org,Male,87.119.59.41
529,Corry,Masterson,cmastersoneo@google.pl,Female,84.48.160.226
530,Avie,Wane,awaneep@mapy.cz,Female,133.32.95.0
531,Winny,McSaul,wmcsauleq@sogou.com,Male,119.189.65.193
532,Baxter,Leversuch,bleversucher@epa.gov,Male,28.193.195.32
533,Barny,Mc Coughan,bmccoughanes@go.com,Male,154.124.55.48
534,Bettye,Wicklin,bwicklinet@webnode.com,Female,93.165.198.176
535,Boycey,Albrighton,balbrightoneu@skype.com,Male,100.13.191.210
536,Halette,Halbert,hhalbertev@adobe.com,Female,221.143.42.173
537,Rodi,Shoreson,rshoresonew@bigcartel.com,Female,156.221.10.255
538,Kristos,Ranscombe,kranscombeex@latimes.com,Male,96.16.103.244
539,Bartolomeo,Rosenkranc,brosenkrancey@apache.org,Male,161.127.35.186
540,Phyllis,Babbidge,pbabbidgeez@cmu.edu,Female,71.220.175.32
541,Gaylor,O'Doherty,godohertyf0@ning.com,Male,131.210.38.159
542,Annamarie,Asprey,aaspreyf1@mediafire.com,Female,13.13.81.133
543,Minta,Taplow,mtaplowf2@time.com,Female,163.103.123.55
544,Zaccaria,Lodin,zlodinf3@bandcamp.com,Male,59.180.164.71
545,Mahmud,Spirit,mspiritf4@chronoengine.com,Male,7.89.211.52
546,Karlie,Scoles,kscolesf5@scientificamerican.com,Female,118.167.78.115
547,Edi,Franey,efraneyf6@blogtalkradio.com,Female,5.219.29.50
548,Ulises,Frede,ufredef7@flavors.me,Male,189.16.53.157
549,Sander,Medendorp,smedendorpf8@fc2.com,Male,97.192.167.72
550,Cesare,Hoffmann,choffmannf9@sbwire.com,Male,94.231.192.87
551,Curtis,Gobeaux,cgobeauxfa@goodreads.com,Male,200.232.149.161
552,Diandra,Padmore,dpadmorefb@mysql.com,Female,17.22.184.165
553,Xaviera,Clive,xclivefc@arizona.edu,Agender,183.34.42.161
554,Auguste,Vizor,avizorfd@pen.io,Female,191.207.145.23
555,Cornie,Lauthian,clauthianfe@privacy.gov.au,Male,128.129.20.68
556,Emmott,Coode,ecoodeff@stumbleupon.com,Male,79.115.84.97
557,Shaine,Willmett,swillmettfg@domainmarket.com,Male,46.43.203.149
558,Manny,Lister,mlisterfh@angelfire.com,Male,42.67.70.9
559,Roman,MacGebenay,rmacgebenayfi@yellowbook.com,Male,7.189.142.135
560,Reba,Tompkiss,rtompkissfj@stanford.edu,Female,204.188.132.13
561,Lainey,Stegers,lstegersfk@businessweek.com,Female,206.81.30.170
562,Newton,Coggins,ncogginsfl@bigcartel.com,Male,90.10.77.101
563,Heida,Franklin,hfranklinfm@craigslist.org,Female,63.20.209.221
564,Antony,Marklow,amarklowfn@chronoengine.com,Male,148.124.150.157
565,Edward,Simeone,esimeonefo@usatoday.com,Male,86.66.174.91
566,Fleming,Paggitt,fpaggittfp@behance.net,Male,103.243.54.235
567,Claiborne,Brownell,cbrownellfq@cocolog-nifty.com,Male,133.104.97.216
568,Willie,Eldered,welderedfr@arstechnica.com,Male,101.100.85.43
569,Emeline,Sickert,esickertfs@umich.edu,Female,76.249.106.140
570,Madlen,Gleadhall,mgleadhallft@eepurl.com,Female,229.124.22.115
571,Rene,Truce,rtrucefu@mashable.com,Female,225.173.240.172
572,Glyn,Jumel,gjumelfv@livejournal.com,Female,182.131.131.97
573,Seymour,Bison,sbisonfw@netlog.com,Male,162.52.92.100
574,Rory,Edmans,redmansfx@example.com,Female,27.221.208.208
575,Tessy,Phillcock,tphillcockfy@sina.com.cn,Female,233.71.143.157
576,Linnet,O'Dowd,lodowdfz@independent.co.uk,Female,165.252.103.45
577,Paul,Worcester,pworcesterg0@geocities.com,Male,74.152.107.5
578,Mavis,Polle,mpolleg1@multiply.com,Female,122.6.109.7
579,Burnard,Pridmore,bpridmoreg2@psu.edu,Male,132.68.0.75
580,Lanie,Hambrook,lhambrookg3@microsoft.com,Female,247.172.1.13
581,Pavia,Juarez,pjuarezg4@accuweather.com,Female,220.129.42.3
582,Sherwin,Rochester,srochesterg5@java.com,Male,154.122.179.32
583,Bea,Dunridge,bdunridgeg6@51.la,Female,29.82.203.84
584,Sean,Saiens,ssaiensg7@furl.net,Female,43.91.103.145
585,Kiley,O'Hengerty,kohengertyg8@statcounter.com,Male,194.113.120.112
586,Hyacinthe,Vowden,hvowdeng9@spotify.com,Female,188.72.121.36
587,Tori,Grinston,tgrinstonga@latimes.com,Female,227.48.167.20
588,Jefferey,Grigsby,jgrigsbygb@usda.gov,Male,108.17.7.137
589,Ardine,Drogan,adrogangc@furl.net,Genderfluid,207.138.85.1
590,Laney,Teideman,lteidemangd@patch.com,Genderfluid,67.102.68.178
591,Alyda,Kleinstub,akleinstubge@sourceforge.net,Female,221.101.27.173
592,Issi,Kislingbury,ikislingburygf@examiner.com,Female,149.170.247.100
593,Charlene,Saladin,csaladingg@hibu.com,Female,213.216.79.198
594,Alan,Bucktharp,abucktharpgh@soundcloud.com,Genderqueer,21.34.106.207
595,Kristel,Sperski,ksperskigi@bravesites.com,Female,111.93.144.59
596,Alano,Rance,arancegj@cam.ac.uk,Male,125.98.30.3
597,Avery,Pennacci,apennaccigk@opera.com,Male,91.226.154.183
598,Eldin,Cramphorn,ecramphorngl@ucoz.ru,Male,233.134.237.144
599,Cornelia,Pevie,cpeviegm@4shared.com,Female,225.253.6.18
600,Lyssa,Gavini,lgavinign@xing.com,Agender,147.74.181.186
601,Pepita,Boyan,pboyango@tumblr.com,Female,70.222.40.29
602,Benn,Celes,bcelesgp@1688.com,Male,157.140.201.231
603,Carla,Patesel,cpateselgq@wikimedia.org,Female,134.71.84.251
604,Blithe,Swinglehurst,bswinglehurstgr@edublogs.org,Female,77.51.183.183
605,Phelia,Barukh,pbarukhgs@storify.com,Female,54.252.144.63
606,Flora,Gaynsford,fgaynsfordgt@icio.us,Female,90.203.151.107
607,Marlo,Blainey,mblaineygu@baidu.com,Male,190.107.150.195
608,Maggy,Orrin,morringv@delicious.com,Female,36.34.19.90
609,Eadie,Linstead,elinsteadgw@vistaprint.com,Female,68.118.63.148
610,Braden,Lochead,blocheadgx@blog.com,Agender,33.106.161.12
611,Dulcea,Burnie,dburniegy@skype.com,Polygender,51.90.158.80
612,Odessa,Dmych,odmychgz@state.gov,Female,38.141.61.118
613,Hobie,Toynbee,htoynbeeh0@feedburner.com,Male,3.248.178.110
614,Robena,Nation,rnationh1@harvard.edu,Female,11.136.85.236
615,Leigh,Davidwitz,ldavidwitzh2@bizjournals.com,Non-binary,166.29.45.19
616,Dani,Crevagh,dcrevaghh3@tmall.com,Male,197.247.73.234
617,Paige,Suett,psuetth4@ed.gov,Male,220.35.160.115
618,Ephrem,Lauritsen,elauritsenh5@github.com,Genderfluid,44.119.250.161
619,Davine,Blackstock,dblackstockh6@tinypic.com,Female,214.20.141.122
620,Emelina,Haversham,ehavershamh7@prweb.com,Female,164.250.9.182
621,Kristel,Corwin,kcorwinh8@wiley.com,Female,62.102.78.200
622,Jedidiah,Aulton,jaultonh9@state.tx.us,Male,77.253.181.109
623,Iver,Banasik,ibanasikha@flickr.com,Male,101.226.27.226
624,Haleigh,Hambrook,hhambrookhb@nyu.edu,Female,171.87.249.108
625,Isidora,Charter,icharterhc@merriam-webster.com,Female,82.151.164.116
626,Suzette,Dall,sdallhd@wikia.com,Female,187.26.2.152
627,Brennan,Wong,bwonghe@deliciousdays.com,Genderfluid,128.112.202.31
628,Blondelle,Stobart,bstobarthf@utexas.edu,Female,44.135.131.44
629,Opaline,Sconce,osconcehg@sbwire.com,Female,235.30.147.95
630,Pablo,Baldacco,pbaldaccohh@alexa.com,Male,151.134.217.200
631,Guillaume,Meadows,gmeadowshi@un.org,Male,62.82.148.179
632,Shela,Toohey,stooheyhj@people.com.cn,Female,154.74.85.49
633,Danyelle,Bycraft,dbycrafthk@foxnews.com,Female,130.78.89.93
634,Corabelle,Menhci,cmenhcihl@dagondesign.com,Female,204.193.67.75
635,Jerrold,Satterthwaite,jsatterthwaitehm@umich.edu,Male,128.148.158.11
636,Vinnie,Solesbury,vsolesburyhn@who.int,Female,173.173.230.94
637,Jodi,De Marchi,jdemarchiho@indiatimes.com,Bigender,152.177.110.203
638,Georgine,MacRury,gmacruryhp@deliciousdays.com,Female,22.231.127.93
639,Waylan,Marsh,wmarshhq@barnesandnoble.com,Male,214.82.248.154
640,Kain,Fenlon,kfenlonhr@archive.org,Male,139.120.59.231
641,Leonardo,McCarty,lmccartyhs@upenn.edu,Male,247.113.35.188
642,Martelle,Filipic,mfilipicht@statcounter.com,Female,199.89.246.65
643,Aurore,Peinton,apeintonhu@fc2.com,Female,58.104.189.31
644,Rory,Handley,rhandleyhv@cloudflare.com,Polygender,48.184.246.136
645,Brietta,Oret,borethw@miitbeian.gov.cn,Bigender,53.253.153.83
646,Joel,Benedetti,jbenedettihx@ed.gov,Male,57.191.194.79
647,Janot,Sandwick,jsandwickhy@blogger.com,Female,40.82.227.204
648,Gussi,Rainer,grainerhz@go.com,Polygender,67.38.58.165
649,Catha,Raggles,cragglesi0@npr.org,Bigender,33.40.175.93
650,Gail,Grzegorecki,ggrzegoreckii1@tiny.cc,Male,139.212.88.172
651,Madeline,Andrieux,mandrieuxi2@yandex.ru,Female,217.128.22.118
652,Lily,Sallowaye,lsallowayei3@360.cn,Female,153.235.36.84
653,Michael,Bonds,mbondsi4@xing.com,Male,12.95.9.223
654,Pepito,Blasik,pblasiki5@comsenz.com,Male,21.94.191.180
655,Stevena,Middup,smiddupi6@baidu.com,Female,157.153.111.58
656,Brook,Stormont,bstormonti7@washington.edu,Female,47.190.61.117
657,Lyn,Kopecka,lkopeckai8@cbc.ca,Male,175.10.203.107
658,Harman,Thorsby,hthorsbyi9@sciencedaily.com,Male,125.181.110.179
659,Jany,Bootherstone,jbootherstoneia@bbb.org,Female,65.146.7.57
660,Wilow,Crowth,wcrowthib@pcworld.com,Female,34.115.177.244
661,Deni,Esselin,desselinic@mapy.cz,Female,28.82.119.43
662,Marinna,Summerell,msummerellid@indiegogo.com,Genderqueer,33.40.89.249
663,Susanetta,Pagelsen,spagelsenie@bbc.co.uk,Female,176.95.216.130
664,Aluin,Tallon,atallonif@jalbum.net,Agender,17.62.219.226
665,Reynard,Deluce,rdeluceig@sohu.com,Male,203.241.60.167
666,Cosette,Whapple,cwhappleih@tmall.com,Female,159.192.73.105
667,Sam,Woodyeare,swoodyeareii@comsenz.com,Female,223.179.132.227
668,Domenic,Zink,dzinkij@usa.gov,Male,207.117.74.41
669,Basia,Mallion,bmallionik@yandex.ru,Female,210.185.96.132
670,Berton,Kidde,bkiddeil@reference.com,Male,172.52.59.51
671,Vergil,Clayborn,vclaybornim@disqus.com,Male,188.148.202.219
672,Aldis,Heales,ahealesin@plala.or.jp,Male,157.139.147.9
673,Zsazsa,Renneke,zrennekeio@ask.com,Female,5.51.98.237
674,Barbara-anne,Demead,bdemeadip@rediff.com,Female,108.205.31.167
675,Arlyn,Verey,avereyiq@mediafire.com,Female,115.245.7.56
676,Korey,O'Fielly,kofiellyir@marketwatch.com,Male,186.126.83.60
677,Samuel,Huonic,shuonicis@shareasale.com,Male,52.91.132.229
678,Godfrey,Kirkam,gkirkamit@omniture.com,Male,34.38.62.232
679,Lewie,Hayesman,lhayesmaniu@e-recht24.de,Male,178.54.112.245
680,Imogene,Pendred,ipendrediv@miibeian.gov.cn,Female,33.232.56.168
681,Willow,Loveard,wloveardiw@spotify.com,Female,204.219.205.245
682,Matilda,Thiolier,mthiolierix@bigcartel.com,Female,239.203.243.179
683,Luca,Stace,lstaceiy@loc.gov,Male,97.122.80.241
684,Duffie,Cowmeadow,dcowmeadowiz@oaic.gov.au,Male,250.93.226.109
685,Wynny,Tenman,wtenmanj0@technorati.com,Female,60.117.234.131
686,Carmine,Nutbrown,cnutbrownj1@shutterfly.com,Male,131.203.11.123
687,Yolanthe,Wallenger,ywallengerj2@eventbrite.com,Bigender,102.33.151.94
688,Nanete,Wallentin,nwallentinj3@apple.com,Female,205.32.120.80
689,Maxie,Doherty,mdohertyj4@deviantart.com,Female,108.100.194.161
690,Miguel,Kingswold,mkingswoldj5@nyu.edu,Male,176.155.240.228
691,Evangelin,Alstead,ealsteadj6@huffingtonpost.com,Female,70.77.227.138
692,Bren,Jordanson,bjordansonj7@addtoany.com,Male,61.93.117.16
693,Jillane,Gadsby,jgadsbyj8@xrea.com,Female,163.26.234.67
694,Dewain,Hartly,dhartlyj9@cornell.edu,Male,104.221.45.102
695,Desdemona,Leathe,dleatheja@deliciousdays.com,Female,48.38.187.206
696,Althea,Biles,abilesjb@epa.gov,Bigender,160.202.64.135
697,Karyl,Schwanden,kschwandenjc@weebly.com,Female,189.120.217.20
698,Faber,Abbis,fabbisjd@youku.com,Male,214.93.12.66
699,Lianna,Grimoldby,lgrimoldbyje@4shared.com,Female,243.129.235.118
700,Gena,Rhyme,grhymejf@miitbeian.gov.cn,Bigender,247.194.239.178
701,Dorisa,Jordine,djordinejg@huffingtonpost.com,Female,67.56.202.200
702,Jecho,Domm,jdommjh@globo.com,Male,111.234.38.177
703,Urbain,Turbard,uturbardji@indiegogo.com,Male,110.195.118.172
704,Addy,Chisnall,achisnalljj@chronoengine.com,Female,2.188.129.222
705,Justis,Alenichicov,jalenichicovjk@archive.org,Male,105.192.28.36
706,Charlean,Lavalle,clavallejl@sciencedirect.com,Female,83.179.22.66
707,Trula,Grinvalds,tgrinvaldsjm@constantcontact.com,Female,120.227.90.55
708,Zachariah,Goodier,zgoodierjn@php.net,Genderqueer,171.81.117.182
709,Fons,Melling,fmellingjo@exblog.jp,Male,56.232.199.58
710,Dede,Shemmin,dshemminjp@fastcompany.com,Female,183.209.112.145
711,Agnes,Stapells,astapellsjq@elegantthemes.com,Female,96.20.208.35
712,Albert,Macrae,amacraejr@twitter.com,Male,193.211.2.49
713,Corey,Waby,cwabyjs@furl.net,Female,11.201.241.87
714,Rubie,Blakeley,rblakeleyjt@1und1.de,Female,246.220.125.164
715,Carolus,Cunniam,ccunniamju@prnewswire.com,Male,111.234.43.254
716,Wells,Pinchbeck,wpinchbeckjv@answers.com,Male,43.85.254.51
717,Alanah,Matzkaitis,amatzkaitisjw@hud.gov,Female,12.150.38.56
718,Jess,Schimoni,jschimonijx@feedburner.com,Male,117.93.24.226
719,Zacharias,Boustead,zbousteadjy@chicagotribune.com,Male,80.95.158.72
720,Betsy,Claypool,bclaypooljz@ustream.tv,Female,193.129.175.198
721,Bobbee,Urch,burchk0@virginia.edu,Polygender,95.114.22.47
722,Aube,Daulby,adaulbyk1@furl.net,Male,218.119.213.151
723,Shirline,Lawtey,slawteyk2@miibeian.gov.cn,Female,22.123.133.118
724,Merwyn,Southcomb,msouthcombk3@t-online.de,Male,83.75.69.129
725,Franny,De Hooge,fdehoogek4@va.gov,Male,207.187.0.173
726,Chery,Tabord,ctabordk5@free.fr,Female,26.148.163.210
727,Kleon,Argo,kargok6@51.la,Male,54.241.164.38
728,Johnnie,Goater,jgoaterk7@1688.com,Male,231.245.110.187
729,Sibby,Sillars,ssillarsk8@addthis.com,Female,227.132.108.165
730,Aron,Isles,aislesk9@slideshare.net,Male,107.80.5.233
731,Ferrell,Helbeck,fhelbeckka@cocolog-nifty.com,Male,14.12.136.93
732,Denice,Zienkiewicz,dzienkiewiczkb@netvibes.com,Female,116.102.74.33
733,Nessi,Kettoe,nkettoekc@stanford.edu,Female,18.179.212.172
734,Chloris,Chamberlin,cchamberlinkd@opera.com,Female,91.235.49.99
735,Timoteo,Burberry,tburberryke@symantec.com,Male,121.121.64.110
736,Glynis,Muttitt,gmuttittkf@deviantart.com,Female,15.22.194.107
737,Tabina,Boshers,tbosherskg@delicious.com,Female,143.77.48.12
738,Garrick,Klageman,gklagemankh@time.com,Male,169.196.18.239
739,Holli,Wedderburn,hwedderburnki@usda.gov,Female,81.133.85.223
740,Winna,Lennon,wlennonkj@redcross.org,Female,35.100.25.85
741,Berkie,Spink,bspinkkk@ustream.tv,Male,93.214.59.112
742,Dar,O'Dennehy,dodennehykl@macromedia.com,Genderqueer,98.81.89.110
743,Serene,Preble,spreblekm@skype.com,Female,226.183.162.71
744,Nelson,Lande,nlandekn@odnoklassniki.ru,Male,224.220.126.119
745,Curtice,Shera,csherako@php.net,Male,79.11.128.16
746,Adrienne,Twidell,atwidellkp@fema.gov,Female,111.102.33.120
747,Brantley,Pullman,bpullmankq@nifty.com,Male,190.35.14.213
748,Grady,Habbema,ghabbemakr@pbs.org,Male,114.194.95.144
749,Torre,Leirmonth,tleirmonthks@google.de,Male,12.89.224.100
750,Monique,Vedyashkin,mvedyashkinkt@nsw.gov.au,Female,82.220.80.114
751,Nolie,Linden,nlindenku@etsy.com,Female,145.64.32.182
752,Cart,Egdal,cegdalkv@yolasite.com,Male,249.214.172.253
753,Verla,Coughan,vcoughankw@devhub.com,Female,53.206.100.50
754,Lorelle,Yglesia,lyglesiakx@sohu.com,Genderqueer,202.207.116.165
755,Darelle,Briston,dbristonky@dedecms.com,Female,6.35.110.2
756,Gerhard,Bramhill,gbramhillkz@businessweek.com,Male,46.24.140.199
757,Elroy,Dryden,edrydenl0@springer.com,Male,239.247.179.211
758,Shari,Thams,sthamsl1@nymag.com,Female,47.121.181.14
759,Werner,Farress,wfarressl2@bbb.org,Male,71.147.241.6
760,Cazzie,Rouby,croubyl3@adobe.com,Male,205.11.103.180
761,Bank,Ferre,bferrel4@discuz.net,Male,163.255.135.148
762,Temple,Winslade,twinsladel5@bloglovin.com,Male,203.1.160.231
763,Reid,MacNucator,rmacnucatorl6@jalbum.net,Male,229.145.11.200
764,Luigi,Cyphus,lcyphusl7@mysql.com,Male,219.144.238.143
765,Christy,Watt,cwattl8@geocities.com,Male,56.0.76.205
766,Cristen,Kennewell,ckennewelll9@jigsy.com,Genderqueer,74.231.58.40
767,Ring,Sessions,rsessionsla@weibo.com,Male,66.214.206.190
768,Filmer,Pydcock,fpydcocklb@cisco.com,Male,25.240.250.159
769,Adorne,Cotes,acoteslc@indiegogo.com,Female,246.193.246.222
770,Feliza,Filon,ffilonld@washington.edu,Female,159.228.113.119
771,Cati,Hennemann,chennemannle@toplist.cz,Female,228.96.205.137
772,Milly,Meryett,mmeryettlf@mit.edu,Female,71.21.174.186
773,Henriette,Copnell,hcopnelllg@mtv.com,Female,75.175.172.108
774,Eleni,Basketfield,ebasketfieldlh@squarespace.com,Female,219.109.218.15
775,Annabela,Swanne,aswanneli@seesaa.net,Female,254.179.102.37
776,Willard,Ojeda,wojedalj@cafepress.com,Male,202.200.229.138
777,Thorpe,Couronne,tcouronnelk@cbsnews.com,Agender,24.64.243.218
778,Ame,Izakov,aizakovll@twitter.com,Female,25.231.8.94
779,Melony,Bowcock,mbowcocklm@cpanel.net,Female,247.12.196.44
780,Carleton,Di Angelo,cdiangeloln@biglobe.ne.jp,Male,81.254.110.67
781,Bartholomeo,Birth,bbirthlo@thetimes.co.uk,Male,219.6.131.141
782,Wilton,Saulter,wsaulterlp@ca.gov,Male,112.187.230.85
783,Marci,Creeboe,mcreeboelq@reddit.com,Female,202.225.239.224
784,Cornie,Oslar,coslarlr@github.com,Male,203.142.184.168
785,Helyn,Knowlton,hknowltonls@altervista.org,Agender,149.56.88.182
786,Lauritz,Klossek,lklosseklt@wisc.edu,Male,240.212.35.49
787,Carmita,Stansall,cstansalllu@wikimedia.org,Female,89.104.140.146
788,Mal,Innes,minneslv@reverbnation.com,Male,1.137.126.231
789,Hernando,Langfitt,hlangfittlw@google.nl,Male,111.153.11.157
790,Angelica,Graeser,agraeserlx@mozilla.org,Agender,119.163.196.127
791,Emily,Wakeling,ewakelingly@fc2.com,Female,114.94.77.175
792,Kassia,Ungerechts,kungerechtslz@prweb.com,Female,30.236.70.55
793,Elonore,Puve,epuvem0@printfriendly.com,Female,233.194.214.2
794,Brande,Edmands,bedmandsm1@techcrunch.com,Female,215.222.0.89
795,Rosabel,Erridge,rerridgem2@phoca.cz,Female,32.71.50.188
796,Charla,Durdy,cdurdym3@hud.gov,Female,64.38.238.194
797,Tonya,McHenry,tmchenrym4@flavors.me,Female,133.73.144.233
798,Ketty,Feare,kfearem5@yale.edu,Genderfluid,215.252.48.89
799,Beltran,Sprey,bspreym6@oakley.com,Male,215.119.254.12
800,Guenna,Phidgin,gphidginm7@mozilla.org,Female,220.183.111.217
801,Kean,Chasmor,kchasmorm8@yellowpages.com,Male,141.51.240.188
802,Hazel,Downing,hdowningm9@amazon.de,Female,16.250.82.56
803,Caren,Threadkell,cthreadkellma@qq.com,Female,217.213.78.136
804,Georas,Plaistowe,gplaistowemb@jimdo.com,Male,163.219.45.222
805,Micheil,Semkins,msemkinsmc@reverbnation.com,Male,157.129.227.26
806,Raina,Billham,rbillhammd@latimes.com,Female,163.9.105.128
807,Kathryne,Teape,kteapeme@google.com.hk,Female,81.166.135.194
808,Arnie,Varga,avargamf@facebook.com,Male,81.137.135.24
809,Hanni,Boatwright,hboatwrightmg@geocities.jp,Genderfluid,245.223.23.95
810,Miof mela,Cicero,mciceromh@eepurl.com,Female,16.37.199.105
811,Aarika,Andrew,aandrewmi@latimes.com,Bigender,105.226.69.230
812,Sayre,Cammis,scammismj@webs.com,Female,226.188.55.7
813,Vin,Dallimore,vdallimoremk@bloglovin.com,Polygender,241.98.46.57
814,Cello,Begwell,cbegwellml@networkadvertising.org,Agender,141.50.94.219
815,Hedwiga,Durnin,hdurninmm@dion.ne.jp,Female,146.177.10.184
816,Damiano,Henlon,dhenlonmn@ebay.com,Male,160.32.203.179
817,Andrew,Combes,acombesmo@cdc.gov,Male,20.26.27.232
818,Jodie,MacRorie,jmacroriemp@goo.ne.jp,Male,26.62.186.163
819,Roderich,Dodding,rdoddingmq@ustream.tv,Male,189.77.214.194
820,Mia,Kemmey,mkemmeymr@linkedin.com,Female,215.94.159.77
821,Willie,Trewartha,wtrewarthams@weebly.com,Female,25.135.206.11
822,Edd,Pengelly,epengellymt@webmd.com,Male,147.158.165.130
823,Brien,Inott,binottmu@answers.com,Male,95.208.96.88
824,Almira,Parry,aparrymv@bandcamp.com,Female,189.38.43.152
825,Gran,Stourton,gstourtonmw@google.co.uk,Male,57.254.195.138
826,Earlie,Arson,earsonmx@unblog.fr,Male,209.102.136.162
827,Justine,Soro,jsoromy@jugem.jp,Female,191.24.7.174
828,Ethelbert,Luchelli,eluchellimz@smugmug.com,Male,206.21.24.2
829,Angeline,Semour,asemourn0@slate.com,Female,131.127.0.143
830,Pavia,Cowitz,pcowitzn1@paginegialle.it,Female,221.0.64.141
831,Pail,Jenne,pjennen2@ameblo.jp,Male,166.147.182.173
832,Burlie,McMenamin,bmcmenaminn3@wordpress.com,Male,105.237.93.84
833,Sol,McEvay,smcevayn4@jimdo.com,Male,53.29.18.181
834,Ralina,Porkiss,rporkissn5@alibaba.com,Female,232.88.115.144
835,Gabriele,Quipp,gquippn6@gravatar.com,Male,216.162.198.112
836,Nydia,Dabnot,ndabnotn7@barnesandnoble.com,Female,211.222.155.40
837,Winthrop,Cropp,wcroppn8@sitemeter.com,Male,241.202.131.139
838,Kirby,Boc,kbocn9@ycombinator.com,Male,22.240.103.149
839,Cello,Hofner,chofnerna@ucoz.com,Male,20.61.227.148
840,Chantal,Brocking,cbrockingnb@google.com.au,Female,251.174.168.128
841,Shanie,Braycotton,sbraycottonnc@wikispaces.com,Female,147.110.78.26
842,Obadias,Coda,ocodand@ebay.co.uk,Male,160.175.119.173
843,Bax,Gutowski,bgutowskine@infoseek.co.jp,Male,181.248.104.192
844,Paule,Darragh,pdarraghnf@google.cn,Female,65.117.249.143
845,Tedra,Barbier,tbarbierng@odnoklassniki.ru,Non-binary,52.102.184.58
846,Fayre,Abrashkov,fabrashkovnh@indiatimes.com,Genderqueer,5.219.70.27
847,Pavel,Holyland,pholylandni@craigslist.org,Male,248.43.235.133
848,Violetta,Warmington,vwarmingtonnj@cnbc.com,Female,13.3.63.227
849,Debby,Ianne,diannenk@people.com.cn,Female,161.45.244.72
850,Darin,Szachniewicz,dszachniewicznl@blinklist.com,Male,44.207.25.171
851,Pietrek,Sainte Paul,psaintepaulnm@loc.gov,Male,157.66.79.129
852,Georgianna,McCuaig,gmccuaignn@google.com.hk,Female,97.168.219.153
853,Ondrea,Dory,odoryno@ow.ly,Female,8.156.118.122
854,Hendrik,Blodgett,hblodgettnp@naver.com,Male,94.207.191.244
855,Lil,Extil,lextilnq@1und1.de,Female,216.32.27.200
856,Witty,Phippin,wphippinnr@t-online.de,Male,68.227.199.216
857,Bertha,Durston,bdurstonns@nyu.edu,Female,56.72.170.73
858,Karena,Shenfisch,kshenfischnt@springer.com,Female,33.251.75.47
859,Dorey,Rookwell,drookwellnu@noaa.gov,Male,232.136.208.12
860,Enoch,Hourihan,ehourihannv@newyorker.com,Male,231.247.70.92
861,Selia,Retallick,sretallicknw@ucsd.edu,Female,173.47.231.39
862,Wynne,Eads,weadsnx@dot.gov,Female,212.24.155.220
863,Margaux,Slym,mslymny@gmpg.org,Female,223.162.92.24
864,Kristyn,Ovanesian,kovanesiannz@lycos.com,Female,89.54.242.205
865,Ninnette,Dehn,ndehno0@instagram.com,Female,120.210.29.145
866,Rahal,Maasze,rmaaszeo1@infoseek.co.jp,Female,10.66.80.89
867,Basil,McNamee,bmcnameeo2@pcworld.com,Male,219.129.139.181
868,Gar,Coule,gcouleo3@xing.com,Male,121.60.57.105
869,Desmond,Shawl,dshawlo4@adobe.com,Male,33.24.59.181
870,Delano,Triswell,dtriswello5@goo.ne.jp,Male,91.182.7.121
871,Nessa,Heardman,nheardmano6@reddit.com,Female,221.213.238.180
872,Niel,Kornousek,nkornouseko7@spotify.com,Male,214.47.241.231
873,Vaughan,Turfs,vturfso8@yandex.ru,Male,76.137.22.20
874,Everard,MacDowall,emacdowallo9@gravatar.com,Male,245.255.25.117
875,Catrina,Brugmann,cbrugmannoa@amazon.co.jp,Female,116.109.123.194
876,Fonzie,Bidewell,fbidewellob@hc360.com,Male,243.36.199.195
877,Aurore,Chadwell,achadwelloc@google.nl,Female,205.135.46.82
878,Carmel,Ternent,cternentod@npr.org,Female,218.58.34.246
879,Hartwell,Pawelke,hpawelkeoe@jigsy.com,Male,147.208.212.74
880,Gianni,O'Corrane,gocorraneof@buzzfeed.com,Male,230.96.25.82
881,Merv,Dalgarnowch,mdalgarnowchog@forbes.com,Male,243.141.96.60
882,Nedda,Margiotta,nmargiottaoh@163.com,Female,172.65.13.123
883,Forster,Brumham,fbrumhamoi@slashdot.org,Male,94.228.51.201
884,Sidney,Mitten,smittenoj@paypal.com,Polygender,190.139.167.118
885,Dominique,Stefi,dstefiok@gmpg.org,Female,136.40.23.211
886,Chryste,Baynard,cbaynardol@admin.ch,Female,110.52.126.76
887,Ali,Banbridge,abanbridgeom@linkedin.com,Female,248.56.112.59
888,Jo,Blowes,jbloweson@pen.io,Female,24.50.137.75
889,Corie,Maddick,cmaddickoo@blogger.com,Female,76.48.56.34
890,Andy,Zavattiero,azavattieroop@salon.com,Female,48.75.141.14
891,Winston,Shackleton,wshackletonoq@harvard.edu,Male,214.156.53.66
892,Gradey,Mavin,gmavinor@uol.com.br,Male,217.214.113.15
893,Auguste,Jahncke,ajahnckeos@hibu.com,Female,59.63.140.85
894,Nisse,Schwieso,nschwiesoot@census.gov,Female,241.171.237.204
895,Beau,Franklyn,bfranklynou@sciencedirect.com,Male,232.156.54.180
896,Sigmund,Grahamslaw,sgrahamslawov@samsung.com,Male,20.113.144.83
897,Lotte,Rawstorn,lrawstornow@aboutads.info,Female,52.203.192.253
898,Pernell,Gooddie,pgooddieox@unc.edu,Male,223.237.229.122
899,Krishna,Lacy,klacyoy@constantcontact.com,Male,243.240.103.40
900,Biddie,Watmough,bwatmoughoz@scribd.com,Female,239.44.162.196
901,Zulema,Oldam,zoldamp0@unesco.org,Bigender,103.118.79.10
902,Raeann,McAulay,rmcaulayp1@cnet.com,Agender,62.22.65.155
903,Christiane,Peniman,cpenimanp2@economist.com,Female,156.255.131.55
904,Scarface,Hudspith,shudspithp3@ning.com,Non-binary,109.222.13.89
905,Leesa,Duding,ldudingp4@seattletimes.com,Female,140.94.128.62
906,Tobe,Dunstan,tdunstanp5@aol.com,Male,15.92.60.2
907,Allin,Billingsley,abillingsleyp6@netlog.com,Male,223.119.171.113
908,Guenna,Stannus,gstannusp7@pbs.org,Female,165.45.160.59
909,Laurianne,Besson,lbessonp8@ehow.com,Female,245.64.166.14
910,Brennan,McKimm,bmckimmp9@behance.net,Male,104.204.145.126
911,Hermon,Blythin,hblythinpa@shinystat.com,Male,244.175.38.56
912,Kippie,MacTague,kmactaguepb@csmonitor.com,Male,163.169.172.82
913,Larine,Jex,ljexpc@twitter.com,Female,235.216.32.218
914,Shannen,Fitzackerley,sfitzackerleypd@wufoo.com,Female,56.18.31.0
915,Christoper,Henze,chenzepe@ftc.gov,Male,193.123.171.131
916,Oona,Riggeard,origgeardpf@scientificamerican.com,Female,53.114.187.62
917,Wallas,Spellward,wspellwardpg@telegraph.co.uk,Male,2.222.159.195
918,Vere,Francisco,vfranciscoph@usatoday.com,Agender,197.31.138.26
919,Laural,Lamond,llamondpi@w3.org,Female,240.244.114.244
920,Johny,Lescop,jlescoppj@fastcompany.com,Male,160.82.239.193
921,Bell,Message,bmessagepk@msu.edu,Female,196.164.167.105
922,Dexter,Tolussi,dtolussipl@paginegialle.it,Bigender,0.75.54.95
923,Kipp,Samsworth,ksamsworthpm@google.com,Male,155.13.195.26
924,Olly,Shinner,oshinnerpn@huffingtonpost.com,Female,245.62.227.251
925,Oralie,Cassin,ocassinpo@fastcompany.com,Female,249.125.75.72
926,Bertrando,Kime,bkimepp@alexa.com,Male,137.235.2.95
927,Jordain,Antognelli,jantognellipq@chicagotribune.com,Female,118.136.99.19
928,Cyrill,Ornils,cornilspr@washington.edu,Male,159.94.7.125
929,Ketty,Laurencot,klaurencotps@google.cn,Polygender,226.176.87.80
930,Lona,O' Timony,lotimonypt@opensource.org,Female,91.182.82.105
931,Olivia,Clues,ocluespu@youtu.be,Non-binary,64.64.83.233
932,Shelley,Crosser,scrosserpv@xrea.com,Polygender,6.92.97.24
933,Gaven,Quilligan,gquilliganpw@webmd.com,Male,10.157.113.125
934,Marietta,Ziemke,mziemkepx@feedburner.com,Male,130.122.205.121
935,Jacklyn,Fulloway,jfullowaypy@g.co,Female,230.30.14.97
936,Rurik,Alliston,rallistonpz@goo.gl,Male,18.231.138.4
937,Dyana,Brimmicombe,dbrimmicombeq0@harvard.edu,Female,150.165.176.254
938,Ondrea,Jeannin,ojeanninq1@pen.io,Female,220.75.123.24
939,Aguistin,Perle,aperleq2@51.la,Agender,82.18.236.16
940,Mikey,Gavey,mgaveyq3@seesaa.net,Male,132.157.232.192
941,Heda,O'Hegertie,hohegertieq4@cloudflare.com,Female,122.138.83.106
942,Demetra,Hosby,dhosbyq5@g.co,Female,82.147.158.162
943,Ede,Bairnsfather,ebairnsfatherq6@yahoo.com,Female,164.193.156.150
944,Griff,Scollick,gscollickq7@google.it,Male,237.181.231.83
945,Karita,Snartt,ksnarttq8@linkedin.com,Female,56.160.35.249
946,Ransom,Sego,rsegoq9@vk.com,Male,247.103.60.66
947,Kerry,Toffts,ktofftsqa@theglobeandmail.com,Female,162.40.227.130
948,Sarajane,O'Flynn,soflynnqb@mac.com,Female,16.51.200.41
949,Shir,Ivanishev,sivanishevqc@sfgate.com,Female,243.231.197.148
950,Syman,Winnett,swinnettqd@cnn.com,Male,92.213.149.20
951,Valaree,Northeast,vnortheastqe@elpais.com,Female,214.163.88.88
952,Kathie,Roder,kroderqf@hud.gov,Female,204.79.161.200
953,Alison,Foan,afoanqg@vistaprint.com,Female,133.109.213.48
954,Howey,Covet,hcovetqh@usatoday.com,Male,236.235.240.128
955,Yehudi,Zmitrovich,yzmitrovichqi@nationalgeographic.com,Male,237.201.145.124
956,Kial,Barefoot,kbarefootqj@oaic.gov.au,Female,148.20.10.164
957,Goldy,Higgan,ghigganqk@economist.com,Female,119.66.21.35
958,Nita,De Cristofalo,ndecristofaloql@wp.com,Female,49.111.243.50
959,Cybill,Maile,cmaileqm@networkadvertising.org,Female,113.173.188.199
960,Haley,Rainon,hrainonqn@unicef.org,Female,198.234.59.130
961,Fairlie,Petyakov,fpetyakovqo@twitpic.com,Male,170.4.79.103
962,Jeth,Kunc,jkuncqp@etsy.com,Male,74.213.80.119
963,Kerr,Middlemist,kmiddlemistqq@nsw.gov.au,Male,99.55.77.27
964,Pascal,Riggey,priggeyqr@php.net,Male,250.125.153.142
965,Tamas,Giacovazzo,tgiacovazzoqs@mail.ru,Male,236.154.7.130
966,Norene,Murrells,nmurrellsqt@unc.edu,Female,231.184.174.78
967,Kelley,Stanton,kstantonqu@alibaba.com,Male,32.187.224.166
968,Timmi,Willishire,twillishireqv@dyndns.org,Female,163.60.55.15
969,Kathrine,Trott,ktrottqw@aol.com,Female,216.147.235.154
970,Druci,Meneux,dmeneuxqx@answers.com,Female,124.117.11.77
971,Alonso,Ewence,aewenceqy@unc.edu,Male,184.120.117.129
972,Rollins,Reicherz,rreicherzqz@google.ru,Male,84.126.59.78
973,Devan,Lukes,dlukesr0@ibm.com,Female,209.149.138.177
974,Caldwell,Ivasyushkin,civasyushkinr1@wp.com,Male,75.185.40.14
975,Laurence,Dibdin,ldibdinr2@freewebs.com,Bigender,107.237.235.138
976,Dalton,Pitblado,dpitblador3@biglobe.ne.jp,Male,233.101.247.172
977,Sigmund,Delong,sdelongr4@seesaa.net,Male,148.127.244.154
978,Lorain,Hovey,lhoveyr5@alexa.com,Female,149.48.150.112
979,Oran,Garling,ogarlingr6@google.it,Male,23.77.49.120
980,Robbin,Barks,rbarksr7@theatlantic.com,Female,216.0.72.53
981,Gussi,Slatter,gslatterr8@google.ru,Female,125.14.80.75
982,Aymer,Gorini,agorinir9@w3.org,Male,139.132.161.176
983,Oswald,Gelderd,ogelderdra@scientificamerican.com,Male,101.150.56.34
984,Artus,Thandi,athandirb@lulu.com,Male,114.254.47.133
985,Esdras,Suche,esucherc@sitemeter.com,Male,72.164.2.62
986,Grata,Zuppa,gzuppard@nymag.com,Female,84.72.164.146
987,Skell,Hefford,sheffordre@stumbleupon.com,Male,7.137.172.161
988,Marje,Manvelle,mmanvellerf@alexa.com,Bigender,63.60.18.72
989,Meredith,Cusworth,mcusworthrg@time.com,Female,145.0.248.252
990,Madeline,Lupson,mlupsonrh@goo.gl,Female,216.24.149.70
991,Owen,Carmont,ocarmontri@foxnews.com,Male,84.140.3.129
992,Imelda,Wibrow,iwibrowrj@zimbio.com,Non-binary,11.181.247.173
993,Delia,McClune,dmcclunerk@ucoz.com,Female,254.93.57.66
994,Celina,Larvin,clarvinrl@e-recht24.de,Female,181.166.64.212
995,Trixie,Wingatt,twingattrm@live.com,Female,255.190.131.112
996,Arron,Hubane,ahubanern@ca.gov,Male,235.136.51.194
997,Burg,Branno,bbrannoro@washington.edu,Male,218.64.41.211
998,Erina,Loades,eloadesrp@usnews.com,Genderqueer,125.198.223.233
999,Marita,Haddick,mhaddickrq@wsj.com,Female,187.23.141.175
1000,Maddalena,Georgeon,mgeorgeonrr@pen.io,Female,110.30.250.41
